{
  "cnn_spectrogram": 0.2,
  "opensmile_acoustic": 0.5000000000000001,
  "pragmatic_heuristic": 0.29999999999999993
}